名称,citycode
中华人民共和国,
北京市,10
北京市市辖区,10
东城区,10
西城区,10
朝阳区,10
丰台区,10
石景山区,10
海淀区,10
门头沟区,10
房山区,10
通州区,10
顺义区,10
昌平区,10
大兴区,10
怀柔区,10
平谷区,10
密云区,10
延庆区,10
天津市,22
天津市市辖区,22
和平区,22
河东区,22
河西区,22
南开区,22
河北区,22
红桥区,22
东丽区,22
西青区,22
津南区,22
北辰区,22
武清区,22
宝坻区,22
滨海新区,22
宁河区,22
静海区,22
蓟州区,22
河北省,
石家庄市,311
石家庄市市辖区,311
长安区,311
桥西区,311
新华区,311
井陉矿区,311
裕华区,311
藁城区,311
鹿泉区,311
栾城区,311
井陉县,311
正定县,311
行唐县,311
灵寿县,311
高邑县,311
深泽县,311
赞皇县,311
无极县,311
平山县,311
元氏县,311
赵县,311
辛集市,311
晋州市,311
新乐市,311
唐山市,315
唐山市市辖区,315
路南区,315
路北区,315
古冶区,315
开平区,315
丰南区,315
丰润区,315
曹妃甸区,315
滦县,315
滦南县,315
乐亭县,315
迁西县,315
玉田县,315
遵化市,315
迁安市,315
秦皇岛市,335
秦皇岛市市辖区,335
海港区,335
山海关区,335
北戴河区,335
抚宁区,335
青龙满族自治县,335
昌黎县,335
卢龙县,335
邯郸市,310
邯郸市市辖区,310
邯山区,310
丛台区,310
复兴区,310
峰峰矿区,310
肥乡区,310
永年区,310
临漳县,310
成安县,310
大名县,310
涉县,310
磁县,310
邱县,310
鸡泽县,310
广平县,310
馆陶县,310
魏县,310
曲周县,310
武安市,310
邢台市,319
邢台市市辖区,319
桥东区,319
桥西区,319
邢台县,319
临城县,319
内丘县,319
柏乡县,319
隆尧县,319
任县,319
南和县,319
宁晋县,319
巨鹿县,319
新河县,319
广宗县,319
平乡县,319
威县,319
清河县,319
临西县,319
南宫市,319
沙河市,319
保定市,312
保定市市辖区,312
竞秀区,312
莲池区,312
满城区,312
清苑区,312
徐水区,312
涞水县,312
阜平县,312
定兴县,312
唐县,312
高阳县,312
容城县,312
涞源县,312
望都县,312
安新县,312
易县,312
曲阳县,312
蠡县,312
顺平县,312
博野县,312
雄县,312
涿州市,312
定州市,312
安国市,312
高碑店市,312
张家口市,313
张家口市市辖区,313
桥东区,313
桥西区,313
宣化区,313
下花园区,313
万全区,313
崇礼区,313
张北县,313
康保县,313
沽源县,313
尚义县,313
蔚县,313
阳原县,313
怀安县,313
怀来县,313
涿鹿县,313
赤城县,313
承德市,314
承德市市辖区,314
双桥区,314
双滦区,314
鹰手营子矿区,314
承德县,314
兴隆县,314
滦平县,314
隆化县,314
丰宁满族自治县,314
宽城满族自治县,314
围场满族蒙古族自治县,314
平泉市,314
沧州市,317
沧州市市辖区,317
新华区,317
运河区,317
沧县,317
青县,317
东光县,317
海兴县,317
盐山县,317
肃宁县,317
南皮县,317
吴桥县,317
献县,317
孟村回族自治县,317
泊头市,317
任丘市,317
黄骅市,317
河间市,317
廊坊市,316
廊坊市市辖区,316
安次区,316
广阳区,316
固安县,316
永清县,316
香河县,316
大城县,316
文安县,316
大厂回族自治县,316
霸州市,316
三河市,316
衡水市,318
衡水市市辖区,318
桃城区,318
冀州区,318
枣强县,318
武邑县,318
武强县,318
饶阳县,318
安平县,318
故城县,318
景县,318
阜城县,318
深州市,318
山西省,
太原市,351
太原市市辖区,351
小店区,351
迎泽区,351
杏花岭区,351
尖草坪区,351
万柏林区,351
晋源区,351
清徐县,351
阳曲县,351
娄烦县,351
古交市,351
大同市,352
大同市市辖区,352
城区,352
矿区,352
南郊区,352
新荣区,352
阳高县,352
天镇县,352
广灵县,352
灵丘县,352
浑源县,352
左云县,352
大同县,352
阳泉市,353
阳泉市市辖区,353
城区,353
矿区,353
郊区,353
平定县,353
盂县,353
长治市,355
长治市市辖区,355
城区,355
郊区,355
长治县,355
襄垣县,355
屯留县,355
平顺县,355
黎城县,355
壶关县,355
长子县,355
武乡县,355
沁县,355
沁源县,355
潞城市,355
晋城市,356
晋城市市辖区,356
城区,356
沁水县,356
阳城县,356
陵川县,356
泽州县,356
高平市,356
朔州市,349
朔州市市辖区,349
朔城区,349
平鲁区,349
山阴县,349
应县,349
右玉县,349
怀仁县,349
晋中市,354
晋中市市辖区,354
榆次区,354
榆社县,354
左权县,354
和顺县,354
昔阳县,354
寿阳县,354
太谷县,354
祁县,354
平遥县,354
灵石县,354
介休市,354
运城市,359
运城市市辖区,359
盐湖区,359
临猗县,359
万荣县,359
闻喜县,359
稷山县,359
新绛县,359
绛县,359
垣曲县,359
夏县,359
平陆县,359
芮城县,359
永济市,359
河津市,359
忻州市,350
忻州市市辖区,350
忻府区,350
定襄县,350
五台县,350
代县,350
繁峙县,350
宁武县,350
静乐县,350
神池县,350
五寨县,350
岢岚县,350
河曲县,350
保德县,350
偏关县,350
原平市,350
临汾市,357
临汾市市辖区,357
尧都区,357
曲沃县,357
翼城县,357
襄汾县,357
洪洞县,357
古县,357
安泽县,357
浮山县,357
吉县,357
乡宁县,357
大宁县,357
隰县,357
永和县,357
蒲县,357
汾西县,357
侯马市,357
霍州市,357
吕梁市,358
吕梁市市辖区,358
离石区,358
文水县,358
交城县,358
兴县,358
临县,358
柳林县,358
石楼县,358
岚县,358
方山县,358
中阳县,358
交口县,358
孝义市,358
汾阳市,358
内蒙古自治区,
呼和浩特市,471
呼和浩特市市辖区,471
新城区,471
回民区,471
玉泉区,471
赛罕区,471
土默特左旗,471
托克托县,471
和林格尔县,471
清水河县,471
武川县,471
包头市,472
包头市市辖区,472
东河区,472
昆都仑区,472
青山区,472
石拐区,472
白云鄂博矿区,472
九原区,472
土默特右旗,472
固阳县,472
达尔罕茂明安联合旗,472
乌海市,473
乌海市市辖区,473
海勃湾区,473
海南区,473
乌达区,473
赤峰市,476
赤峰市市辖区,476
红山区,476
元宝山区,476
松山区,476
阿鲁科尔沁旗,476
巴林左旗,476
巴林右旗,476
林西县,476
克什克腾旗,476
翁牛特旗,476
喀喇沁旗,476
宁城县,476
敖汉旗,476
通辽市,475
通辽市市辖区,475
科尔沁区,475
科尔沁左翼中旗,475
科尔沁左翼后旗,475
开鲁县,475
库伦旗,475
奈曼旗,475
扎鲁特旗,475
霍林郭勒市,475
鄂尔多斯市,477
鄂尔多斯市市辖区,477
东胜区,477
康巴什区,477
达拉特旗,477
准格尔旗,477
鄂托克前旗,477
鄂托克旗,477
杭锦旗,477
乌审旗,477
伊金霍洛旗,477
呼伦贝尔市,470
呼伦贝尔市市辖区,470
海拉尔区,470
扎赉诺尔区,470
阿荣旗,470
莫力达瓦达斡尔族自治旗,470
鄂伦春自治旗,470
鄂温克族自治旗,470
陈巴尔虎旗,470
新巴尔虎左旗,470
新巴尔虎右旗,470
满洲里市,470
牙克石市,470
扎兰屯市,470
额尔古纳市,470
根河市,470
巴彦淖尔市,478
巴彦淖尔市市辖区,478
临河区,478
五原县,478
磴口县,478
乌拉特前旗,478
乌拉特中旗,478
乌拉特后旗,478
杭锦后旗,478
乌兰察布市,474
乌兰察布市市辖区,474
集宁区,474
卓资县,474
化德县,474
商都县,474
兴和县,474
凉城县,474
察哈尔右翼前旗,474
察哈尔右翼中旗,474
察哈尔右翼后旗,474
四子王旗,474
丰镇市,474
兴安盟,482
乌兰浩特市,482
阿尔山市,482
科尔沁右翼前旗,482
科尔沁右翼中旗,482
扎赉特旗,482
突泉县,482
锡林郭勒盟,479
二连浩特市,479
锡林浩特市,479
阿巴嘎旗,479
苏尼特左旗,479
苏尼特右旗,479
东乌珠穆沁旗,479
西乌珠穆沁旗,479
太仆寺旗,479
镶黄旗,479
正镶白旗,479
正蓝旗,479
多伦县,479
阿拉善盟,483
阿拉善左旗,483
阿拉善右旗,483
额济纳旗,483
辽宁省,
沈阳市,24
沈阳市市辖区,24
和平区,24
沈河区,24
大东区,24
皇姑区,24
铁西区,24
苏家屯区,24
浑南区,24
沈北新区,24
于洪区,24
辽中区,24
康平县,24
法库县,24
新民市,24
大连市,411
大连市市辖区,411
中山区,411
西岗区,411
沙河口区,411
甘井子区,411
旅顺口区,411
金州区,411
普兰店区,411
长海县,411
瓦房店市,411
庄河市,411
鞍山市,412
鞍山市市辖区,412
铁东区,412
铁西区,412
立山区,412
千山区,412
台安县,412
岫岩满族自治县,412
海城市,412
抚顺市,413
抚顺市市辖区,413
新抚区,413
东洲区,413
望花区,413
顺城区,413
抚顺县,413
新宾满族自治县,413
清原满族自治县,413
本溪市,414
本溪市市辖区,414
平山区,414
溪湖区,414
明山区,414
南芬区,414
本溪满族自治县,414
桓仁满族自治县,414
丹东市,415
丹东市市辖区,415
元宝区,415
振兴区,415
振安区,415
宽甸满族自治县,415
东港市,415
凤城市,415
锦州市,416
锦州市市辖区,416
古塔区,416
凌河区,416
太和区,416
黑山县,416
义县,416
凌海市,416
北镇市,416
营口市,417
营口市市辖区,417
站前区,417
西市区,417
鲅鱼圈区,417
老边区,417
盖州市,417
大石桥市,417
阜新市,418
阜新市市辖区,418
海州区,418
新邱区,418
太平区,418
清河门区,418
细河区,418
阜新蒙古族自治县,418
彰武县,418
辽阳市,419
辽阳市市辖区,419
白塔区,419
文圣区,419
宏伟区,419
弓长岭区,419
太子河区,419
辽阳县,419
灯塔市,419
盘锦市,427
盘锦市市辖区,427
双台子区,427
兴隆台区,427
大洼区,427
盘山县,427
铁岭市,410
铁岭市市辖区,410
银州区,410
清河区,410
铁岭县,410
西丰县,410
昌图县,410
调兵山市,410
开原市,410
朝阳市,421
朝阳市市辖区,421
双塔区,421
龙城区,421
朝阳县,421
建平县,421
喀喇沁左翼蒙古族自治县,421
北票市,421
凌源市,421
葫芦岛市,429
葫芦岛市市辖区,429
连山区,429
龙港区,429
南票区,429
绥中县,429
建昌县,429
兴城市,429
吉林省,
长春市,431
长春市市辖区,431
南关区,431
宽城区,431
朝阳区,431
二道区,431
绿园区,431
双阳区,431
九台区,431
农安县,431
榆树市,431
德惠市,431
吉林市,432
吉林市市辖区,432
昌邑区,432
龙潭区,432
船营区,432
丰满区,432
永吉县,432
蛟河市,432
桦甸市,432
舒兰市,432
磐石市,432
四平市,434
四平市市辖区,434
铁西区,434
铁东区,434
梨树县,434
伊通满族自治县,434
公主岭市,434
双辽市,434
辽源市,437
辽源市市辖区,437
龙山区,437
西安区,437
东丰县,437
东辽县,437
通化市,435
通化市市辖区,435
东昌区,435
二道江区,435
通化县,435
辉南县,435
柳河县,435
梅河口市,435
集安市,435
白山市,439
白山市市辖区,439
浑江区,439
江源区,439
抚松县,439
靖宇县,439
长白朝鲜族自治县,439
临江市,439
松原市,438
松原市市辖区,438
宁江区,438
前郭尔罗斯蒙古族自治县,438
长岭县,438
乾安县,438
扶余市,438
白城市,436
白城市市辖区,436
洮北区,436
镇赉县,436
通榆县,436
洮南市,436
大安市,436
延边朝鲜族自治州,1433
延吉市,1433
图们市,1433
敦化市,1433
珲春市,1433
龙井市,1433
和龙市,1433
汪清县,1433
安图县,1433
黑龙江省,
哈尔滨市,451
哈尔滨市市辖区,451
道里区,451
南岗区,451
道外区,451
平房区,451
松北区,451
香坊区,451
呼兰区,451
阿城区,451
双城区,451
依兰县,451
方正县,451
宾县,451
巴彦县,451
木兰县,451
通河县,451
延寿县,451
尚志市,451
五常市,451
齐齐哈尔市,452
齐齐哈尔市市辖区,452
龙沙区,452
建华区,452
铁锋区,452
昂昂溪区,452
富拉尔基区,452
碾子山区,452
梅里斯达斡尔族区,452
龙江县,452
依安县,452
泰来县,452
甘南县,452
富裕县,452
克山县,452
克东县,452
拜泉县,452
讷河市,452
鸡西市,467
鸡西市市辖区,467
鸡冠区,467
恒山区,467
滴道区,467
梨树区,467
城子河区,467
麻山区,467
鸡东县,467
虎林市,467
密山市,467
鹤岗市,468
鹤岗市市辖区,468
向阳区,468
工农区,468
南山区,468
兴安区,468
东山区,468
兴山区,468
萝北县,468
绥滨县,468
双鸭山市,469
双鸭山市市辖区,469
尖山区,469
岭东区,469
四方台区,469
宝山区,469
集贤县,469
友谊县,469
宝清县,469
饶河县,469
大庆市,459
大庆市市辖区,459
萨尔图区,459
龙凤区,459
让胡路区,459
红岗区,459
大同区,459
肇州县,459
肇源县,459
林甸县,459
杜尔伯特蒙古族自治县,459
伊春市,458
伊春市市辖区,458
伊春区,458
南岔区,458
友好区,458
西林区,458
翠峦区,458
新青区,458
美溪区,458
金山屯区,458
五营区,458
乌马河区,458
汤旺河区,458
带岭区,458
乌伊岭区,458
红星区,458
上甘岭区,458
嘉荫县,458
铁力市,458
佳木斯市,454
佳木斯市市辖区,454
向阳区,454
前进区,454
东风区,454
郊区,454
桦南县,454
桦川县,454
汤原县,454
同江市,454
富锦市,454
抚远市,454
七台河市,464
七台河市市辖区,464
新兴区,464
桃山区,464
茄子河区,464
勃利县,464
牡丹江市,453
牡丹江市市辖区,453
东安区,453
阳明区,453
爱民区,453
西安区,453
林口县,453
绥芬河市,453
海林市,453
宁安市,453
穆棱市,453
东宁市,453
黑河市,456
黑河市市辖区,456
爱辉区,456
嫩江县,456
逊克县,456
孙吴县,456
北安市,456
五大连池市,456
绥化市,455
绥化市市辖区,455
北林区,455
望奎县,455
兰西县,455
青冈县,455
庆安县,455
明水县,455
绥棱县,455
安达市,455
肇东市,455
海伦市,455
大兴安岭地区,457
加格达奇区,457
呼玛县,457
塔河县,457
漠河县,457
上海市,21
上海市市辖区,21
黄浦区,21
徐汇区,21
长宁区,21
静安区,21
普陀区,21
虹口区,21
杨浦区,21
闵行区,21
宝山区,21
嘉定区,21
浦东新区,21
金山区,21
松江区,21
青浦区,21
奉贤区,21
崇明区,21
江苏省,
南京市,25
南京市市辖区,25
玄武区,25
秦淮区,25
建邺区,25
鼓楼区,25
浦口区,25
栖霞区,25
雨花台区,25
江宁区,25
六合区,25
溧水区,25
高淳区,25
无锡市,510
无锡市市辖区,510
锡山区,510
惠山区,510
滨湖区,510
梁溪区,510
新吴区,510
江阴市,510
宜兴市,510
徐州市,516
徐州市市辖区,516
鼓楼区,516
云龙区,516
贾汪区,516
泉山区,516
铜山区,516
丰县,516
沛县,516
睢宁县,516
新沂市,516
邳州市,516
常州市,519
常州市市辖区,519
天宁区,519
钟楼区,519
新北区,519
武进区,519
金坛区,519
溧阳市,519
苏州市,512
苏州市市辖区,512
虎丘区,512
吴中区,512
相城区,512
姑苏区,512
吴江区,512
常熟市,512
张家港市,512
昆山市,512
太仓市,512
南通市,513
南通市市辖区,513
崇川区,513
港闸区,513
通州区,513
海安县,513
如东县,513
启东市,513
如皋市,513
海门市,513
连云港市,518
连云港市市辖区,518
连云区,518
海州区,518
赣榆区,518
东海县,518
灌云县,518
灌南县,518
淮安市,517
淮安市市辖区,517
淮安区,517
淮阴区,517
清江浦区,517
洪泽区,517
涟水县,517
盱眙县,517
金湖县,517
盐城市,515
盐城市市辖区,515
亭湖区,515
盐都区,515
大丰区,515
响水县,515
滨海县,515
阜宁县,515
射阳县,515
建湖县,515
东台市,515
扬州市,514
扬州市市辖区,514
广陵区,514
邗江区,514
江都区,514
宝应县,514
仪征市,514
高邮市,514
镇江市,511
镇江市市辖区,511
京口区,511
润州区,511
丹徒区,511
丹阳市,511
扬中市,511
句容市,511
泰州市,523
泰州市市辖区,523
海陵区,523
高港区,523
姜堰区,523
兴化市,523
靖江市,523
泰兴市,523
宿迁市,527
宿迁市市辖区,527
宿城区,527
宿豫区,527
沭阳县,527
泗阳县,527
泗洪县,527
浙江省,
杭州市,571
杭州市市辖区,571
上城区,571
下城区,571
江干区,571
拱墅区,571
西湖区,571
滨江区,571
萧山区,571
余杭区,571
富阳区,571
桐庐县,571
淳安县,571
建德市,571
临安区,571
宁波市,574
宁波市市辖区,574
海曙区,574
江北区,574
北仑区,574
镇海区,574
鄞州区,574
奉化区,574
象山县,574
宁海县,574
余姚市,574
慈溪市,574
温州市,577
温州市市辖区,577
鹿城区,577
龙湾区,577
瓯海区,577
洞头区,577
永嘉县,577
平阳县,577
苍南县,577
文成县,577
泰顺县,577
瑞安市,577
乐清市,577
嘉兴市,573
嘉兴市市辖区,573
南湖区,573
秀洲区,573
嘉善县,573
海盐县,573
海宁市,573
平湖市,573
桐乡市,573
湖州市,572
湖州市市辖区,572
吴兴区,572
南浔区,572
德清县,572
长兴县,572
安吉县,572
绍兴市,575
绍兴市市辖区,575
越城区,575
柯桥区,575
上虞区,575
新昌县,575
诸暨市,575
嵊州市,575
金华市,579
金华市市辖区,579
婺城区,579
金东区,579
武义县,579
浦江县,579
磐安县,579
兰溪市,579
义乌市,579
东阳市,579
永康市,579
衢州市,570
衢州市市辖区,570
柯城区,570
衢江区,570
常山县,570
开化县,570
龙游县,570
江山市,570
舟山市,580
舟山市市辖区,580
定海区,580
普陀区,580
岱山县,580
嵊泗县,580
台州市,576
台州市市辖区,576
椒江区,576
黄岩区,576
路桥区,576
三门县,576
天台县,576
仙居县,576
温岭市,576
临海市,576
玉环市,576
丽水市,578
丽水市市辖区,578
莲都区,578
青田县,578
缙云县,578
遂昌县,578
松阳县,578
云和县,578
庆元县,578
景宁畲族自治县,578
龙泉市,578
安徽省,
合肥市,551
合肥市市辖区,551
瑶海区,551
庐阳区,551
蜀山区,551
包河区,551
长丰县,551
肥东县,551
肥西县,551
庐江县,551
巢湖市,551
芜湖市,553
芜湖市市辖区,553
镜湖区,553
弋江区,553
鸠江区,553
三山区,553
芜湖县,553
繁昌县,553
南陵县,553
无为县,553
蚌埠市,552
蚌埠市市辖区,552
龙子湖区,552
蚌山区,552
禹会区,552
淮上区,552
怀远县,552
五河县,552
固镇县,552
淮南市,554
淮南市市辖区,554
大通区,554
田家庵区,554
谢家集区,554
八公山区,554
潘集区,554
凤台县,554
寿县,554
马鞍山市,555
马鞍山市市辖区,555
花山区,555
雨山区,555
博望区,555
当涂县,555
含山县,555
和县,555
淮北市,561
淮北市市辖区,561
杜集区,561
相山区,561
烈山区,561
濉溪县,561
铜陵市,562
铜陵市市辖区,562
铜官区,562
义安区,562
郊区,562
枞阳县,562
安庆市,556
安庆市市辖区,556
迎江区,556
大观区,556
宜秀区,556
怀宁县,556
潜山县,556
太湖县,556
宿松县,556
望江县,556
岳西县,556
桐城市,556
黄山市,559
黄山市市辖区,559
屯溪区,559
黄山区,559
徽州区,559
歙县,559
休宁县,559
黟县,559
祁门县,559
滁州市,550
滁州市市辖区,550
琅琊区,550
南谯区,550
来安县,550
全椒县,550
定远县,550
凤阳县,550
天长市,550
明光市,550
阜阳市,1558
阜阳市市辖区,1558
颍州区,1558
颍东区,1558
颍泉区,1558
临泉县,1558
太和县,1558
阜南县,1558
颍上县,1558
界首市,1558
宿州市,557
宿州市市辖区,557
埇桥区,557
砀山县,557
萧县,557
灵璧县,557
泗县,557
六安市,564
六安市市辖区,564
金安区,564
裕安区,564
叶集区,564
霍邱县,564
舒城县,564
金寨县,564
霍山县,564
亳州市,558
亳州市市辖区,558
谯城区,558
涡阳县,558
蒙城县,558
利辛县,558
池州市,566
池州市市辖区,566
贵池区,566
东至县,566
石台县,566
青阳县,566
宣城市,563
宣城市市辖区,563
宣州区,563
郎溪县,563
广德县,563
泾县,563
绩溪县,563
旌德县,563
宁国市,563
福建省,
福州市,591
福州市市辖区,591
鼓楼区,591
台江区,591
仓山区,591
马尾区,591
晋安区,591
闽侯县,591
连江县,591
罗源县,591
闽清县,591
永泰县,591
平潭县,591
福清市,591
长乐区,591
厦门市,592
厦门市市辖区,592
思明区,592
海沧区,592
湖里区,592
集美区,592
同安区,592
翔安区,592
莆田市,594
莆田市市辖区,594
城厢区,594
涵江区,594
荔城区,594
秀屿区,594
仙游县,594
三明市,598
三明市市辖区,598
梅列区,598
三元区,598
明溪县,598
清流县,598
宁化县,598
大田县,598
尤溪县,598
沙县,598
将乐县,598
泰宁县,598
建宁县,598
永安市,598
泉州市,595
泉州市市辖区,595
鲤城区,595
丰泽区,595
洛江区,595
泉港区,595
惠安县,595
安溪县,595
永春县,595
德化县,595
金门县,595
石狮市,595
晋江市,595
南安市,595
漳州市,596
漳州市市辖区,596
芗城区,596
龙文区,596
云霄县,596
漳浦县,596
诏安县,596
长泰县,596
东山县,596
南靖县,596
平和县,596
华安县,596
龙海市,596
南平市,599
南平市市辖区,599
延平区,599
建阳区,599
顺昌县,599
浦城县,599
光泽县,599
松溪县,599
政和县,599
邵武市,599
武夷山市,599
建瓯市,599
龙岩市,597
龙岩市市辖区,597
新罗区,597
永定区,597
长汀县,597
上杭县,597
武平县,597
连城县,597
漳平市,597
宁德市,593
宁德市市辖区,593
蕉城区,593
霞浦县,593
古田县,593
屏南县,593
寿宁县,593
周宁县,593
柘荣县,593
福安市,593
福鼎市,593
江西省,
南昌市,791
南昌市市辖区,791
东湖区,791
西湖区,791
青云谱区,791
湾里区,791
青山湖区,791
新建区,791
南昌县,791
安义县,791
进贤县,791
景德镇市,798
景德镇市市辖区,798
昌江区,798
珠山区,798
浮梁县,798
乐平市,798
萍乡市,799
萍乡市市辖区,799
安源区,799
湘东区,799
莲花县,799
上栗县,799
芦溪县,799
九江市,792
九江市市辖区,792
濂溪区,792
浔阳区,792
柴桑区,792
武宁县,792
修水县,792
永修县,792
德安县,792
都昌县,792
湖口县,792
彭泽县,792
瑞昌市,792
共青城市,792
庐山市,792
新余市,790
新余市市辖区,790
渝水区,790
分宜县,790
鹰潭市,701
鹰潭市市辖区,701
月湖区,701
余江县,701
贵溪市,701
赣州市,797
赣州市市辖区,797
章贡区,797
南康区,797
赣县区,797
信丰县,797
大余县,797
上犹县,797
崇义县,797
安远县,797
龙南县,797
定南县,797
全南县,797
宁都县,797
于都县,797
兴国县,797
会昌县,797
寻乌县,797
石城县,797
瑞金市,797
吉安市,796
吉安市市辖区,796
吉州区,796
青原区,796
吉安县,796
吉水县,796
峡江县,796
新干县,796
永丰县,796
泰和县,796
遂川县,796
万安县,796
安福县,796
永新县,796
井冈山市,796
宜春市,795
宜春市市辖区,795
袁州区,795
奉新县,795
万载县,795
上高县,795
宜丰县,795
靖安县,795
铜鼓县,795
丰城市,795
樟树市,795
高安市,795
抚州市,794
抚州市市辖区,794
临川区,794
东乡区,794
南城县,794
黎川县,794
南丰县,794
崇仁县,794
乐安县,794
宜黄县,794
金溪县,794
资溪县,794
广昌县,794
上饶市,793
上饶市市辖区,793
信州区,793
广丰区,793
广信区,793
玉山县,793
铅山县,793
横峰县,793
弋阳县,793
余干县,793
鄱阳县,793
万年县,793
婺源县,793
德兴市,793
山东省,
济南市,531
济南市市辖区,531
历下区,531
市中区,531
槐荫区,531
天桥区,531
历城区,531
长清区,531
章丘区,531
平阴县,531
济阳县,531
商河县,531
青岛市,532
青岛市市辖区,532
市南区,532
市北区,532
黄岛区,532
崂山区,532
李沧区,532
城阳区,532
胶州市,532
即墨区,532
平度市,532
莱西市,532
淄博市,533
淄博市市辖区,533
淄川区,533
张店区,533
博山区,533
临淄区,533
周村区,533
桓台县,533
高青县,533
沂源县,533
枣庄市,632
枣庄市市辖区,632
市中区,632
薛城区,632
峄城区,632
台儿庄区,632
山亭区,632
滕州市,632
东营市,546
东营市市辖区,546
东营区,546
河口区,546
垦利区,546
利津县,546
广饶县,546
烟台市,535
烟台市市辖区,535
芝罘区,535
福山区,535
牟平区,535
莱山区,535
长岛县,535
龙口市,535
莱阳市,535
莱州市,535
蓬莱市,535
招远市,535
栖霞市,535
海阳市,535
潍坊市,536
潍坊市市辖区,536
潍城区,536
寒亭区,536
坊子区,536
奎文区,536
临朐县,536
昌乐县,536
青州市,536
诸城市,536
寿光市,536
安丘市,536
高密市,536
昌邑市,536
济宁市,537
济宁市市辖区,537
任城区,537
兖州区,537
微山县,537
鱼台县,537
金乡县,537
嘉祥县,537
汶上县,537
泗水县,537
梁山县,537
曲阜市,537
邹城市,537
泰安市,538
泰安市市辖区,538
泰山区,538
岱岳区,538
宁阳县,538
东平县,538
新泰市,538
肥城市,538
威海市,631
威海市市辖区,631
环翠区,631
文登区,631
荣成市,631
乳山市,631
日照市,633
日照市市辖区,633
东港区,633
岚山区,633
五莲县,633
莒县,633
莱芜市,634
莱芜市市辖区,634
莱城区,634
钢城区,634
临沂市,539
临沂市市辖区,539
兰山区,539
罗庄区,539
河东区,539
沂南县,539
郯城县,539
沂水县,539
兰陵县,539
费县,539
平邑县,539
莒南县,539
蒙阴县,539
临沭县,539
德州市,534
德州市市辖区,534
德城区,534
陵城区,534
宁津县,534
庆云县,534
临邑县,534
齐河县,534
平原县,534
夏津县,534
武城县,534
乐陵市,534
禹城市,534
聊城市,635
聊城市市辖区,635
东昌府区,635
阳谷县,635
莘县,635
茌平县,635
东阿县,635
冠县,635
高唐县,635
临清市,635
滨州市,543
滨州市市辖区,543
滨城区,543
沾化区,543
惠民县,543
阳信县,543
无棣县,543
博兴县,543
邹平县,543
菏泽市,530
菏泽市市辖区,530
牡丹区,530
定陶区,530
曹县,530
单县,530
成武县,530
巨野县,530
郓城县,530
鄄城县,530
东明县,530
河南省,
郑州市,371
郑州市市辖区,371
中原区,371
二七区,371
管城回族区,371
金水区,371
上街区,371
惠济区,371
中牟县,371
巩义市,371
荥阳市,371
新密市,371
新郑市,371
登封市,371
开封市,378
开封市市辖区,378
龙亭区,378
顺河回族区,378
鼓楼区,378
禹王台区,378
祥符区,378
杞县,378
通许县,378
尉氏县,378
兰考县,378
洛阳市,379
洛阳市市辖区,379
老城区,379
西工区,379
瀍河回族区,379
涧西区,379
吉利区,379
洛龙区,379
孟津县,379
新安县,379
栾川县,379
嵩县,379
汝阳县,379
宜阳县,379
洛宁县,379
伊川县,379
偃师市,379
平顶山市,375
平顶山市市辖区,375
新华区,375
卫东区,375
石龙区,375
湛河区,375
宝丰县,375
叶县,375
鲁山县,375
郏县,375
舞钢市,375
汝州市,375
安阳市,372
安阳市市辖区,372
文峰区,372
北关区,372
殷都区,372
龙安区,372
安阳县,372
汤阴县,372
滑县,372
内黄县,372
林州市,372
鹤壁市,392
鹤壁市市辖区,392
鹤山区,392
山城区,392
淇滨区,392
浚县,392
淇县,392
新乡市,373
新乡市市辖区,373
红旗区,373
卫滨区,373
凤泉区,373
牧野区,373
新乡县,373
获嘉县,373
原阳县,373
延津县,373
封丘县,373
长垣县,373
卫辉市,373
辉县市,373
焦作市,391
焦作市市辖区,391
解放区,391
中站区,391
马村区,391
山阳区,391
修武县,391
博爱县,391
武陟县,391
温县,391
沁阳市,391
孟州市,391
濮阳市,393
濮阳市市辖区,393
华龙区,393
清丰县,393
南乐县,393
范县,393
台前县,393
濮阳县,393
许昌市,374
许昌市市辖区,374
魏都区,374
建安区,374
鄢陵县,374
襄城县,374
禹州市,374
长葛市,374
漯河市,395
漯河市市辖区,395
源汇区,395
郾城区,395
召陵区,395
舞阳县,395
临颍县,395
三门峡市,398
三门峡市市辖区,398
湖滨区,398
陕州区,398
渑池县,398
卢氏县,398
义马市,398
灵宝市,398
南阳市,377
南阳市市辖区,377
宛城区,377
卧龙区,377
南召县,377
方城县,377
西峡县,377
镇平县,377
内乡县,377
淅川县,377
社旗县,377
唐河县,377
新野县,377
桐柏县,377
邓州市,377
商丘市,370
商丘市市辖区,370
梁园区,370
睢阳区,370
民权县,370
睢县,370
宁陵县,370
柘城县,370
虞城县,370
夏邑县,370
永城市,370
信阳市,376
信阳市市辖区,376
浉河区,376
平桥区,376
罗山县,376
光山县,376
新县,376
商城县,376
固始县,376
潢川县,376
淮滨县,376
息县,376
周口市,394
周口市市辖区,394
川汇区,394
扶沟县,394
西华县,394
商水县,394
沈丘县,394
郸城县,394
淮阳县,394
太康县,394
鹿邑县,394
项城市,394
驻马店市,396
驻马店市市辖区,396
驿城区,396
西平县,396
上蔡县,396
平舆县,396
正阳县,396
确山县,396
泌阳县,396
汝南县,396
遂平县,396
新蔡县,396
济源市,1391
湖北省,
武汉市,27
武汉市市辖区,27
江岸区,27
江汉区,27
硚口区,27
汉阳区,27
武昌区,27
青山区,27
洪山区,27
东西湖区,27
汉南区,27
蔡甸区,27
江夏区,27
黄陂区,27
新洲区,27
黄石市,714
黄石市市辖区,714
黄石港区,714
西塞山区,714
下陆区,714
铁山区,714
阳新县,714
大冶市,714
十堰市,719
十堰市市辖区,719
茅箭区,719
张湾区,719
郧阳区,719
郧西县,719
竹山县,719
竹溪县,719
房县,719
丹江口市,719
宜昌市,717
宜昌市市辖区,717
西陵区,717
伍家岗区,717
点军区,717
猇亭区,717
夷陵区,717
远安县,717
兴山县,717
秭归县,717
长阳土家族自治县,717
五峰土家族自治县,717
宜都市,717
当阳市,717
枝江市,717
襄阳市,710
襄阳市市辖区,710
襄城区,710
樊城区,710
襄州区,710
南漳县,710
谷城县,710
保康县,710
老河口市,710
枣阳市,710
宜城市,710
鄂州市,711
鄂州市市辖区,711
梁子湖区,711
华容区,711
鄂城区,711
荆门市,724
荆门市市辖区,724
东宝区,724
掇刀区,724
京山县,724
沙洋县,724
钟祥市,724
孝感市,712
孝感市市辖区,712
孝南区,712
孝昌县,712
大悟县,712
云梦县,712
应城市,712
安陆市,712
汉川市,712
荆州市,716
荆州市市辖区,716
沙市区,716
荆州区,716
公安县,716
监利县,716
江陵县,716
石首市,716
洪湖市,716
松滋市,716
黄冈市,713
黄冈市市辖区,713
黄州区,713
团风县,713
红安县,713
罗田县,713
英山县,713
浠水县,713
蕲春县,713
黄梅县,713
麻城市,713
武穴市,713
咸宁市,715
咸宁市市辖区,715
咸安区,715
嘉鱼县,715
通城县,715
崇阳县,715
通山县,715
赤壁市,715
随州市,722
随州市市辖区,722
曾都区,722
随县,722
广水市,722
恩施土家族苗族自治州,718
恩施市,718
利川市,718
建始县,718
巴东县,718
宣恩县,718
咸丰县,718
来凤县,718
鹤峰县,718
仙桃市,728
潜江市,2728
天门市,1728
神农架林区,1719
湖南省,
长沙市,731
长沙市市辖区,731
芙蓉区,731
天心区,731
岳麓区,731
开福区,731
雨花区,731
望城区,731
长沙县,731
宁乡市,731
浏阳市,731
株洲市,733
株洲市市辖区,733
荷塘区,733
芦淞区,733
石峰区,733
天元区,733
株洲县,733
攸县,733
茶陵县,733
炎陵县,733
醴陵市,733
湘潭市,732
湘潭市市辖区,732
雨湖区,732
岳塘区,732
湘潭县,732
湘乡市,732
韶山市,732
衡阳市,734
衡阳市市辖区,734
珠晖区,734
雁峰区,734
石鼓区,734
蒸湘区,734
南岳区,734
衡阳县,734
衡南县,734
衡山县,734
衡东县,734
祁东县,734
耒阳市,734
常宁市,734
邵阳市,739
邵阳市市辖区,739
双清区,739
大祥区,739
北塔区,739
邵东县,739
新邵县,739
邵阳县,739
隆回县,739
洞口县,739
绥宁县,739
新宁县,739
城步苗族自治县,739
武冈市,739
岳阳市,730
岳阳市市辖区,730
岳阳楼区,730
云溪区,730
君山区,730
岳阳县,730
华容县,730
湘阴县,730
平江县,730
汨罗市,730
临湘市,730
常德市,736
常德市市辖区,736
武陵区,736
鼎城区,736
安乡县,736
汉寿县,736
澧县,736
临澧县,736
桃源县,736
石门县,736
津市市,736
张家界市,744
张家界市市辖区,744
永定区,744
武陵源区,744
慈利县,744
桑植县,744
益阳市,737
益阳市市辖区,737
资阳区,737
赫山区,737
南县,737
桃江县,737
安化县,737
沅江市,737
郴州市,735
郴州市市辖区,735
北湖区,735
苏仙区,735
桂阳县,735
宜章县,735
永兴县,735
嘉禾县,735
临武县,735
汝城县,735
桂东县,735
安仁县,735
资兴市,735
永州市,746
永州市市辖区,746
零陵区,746
冷水滩区,746
祁阳县,746
东安县,746
双牌县,746
道县,746
江永县,746
宁远县,746
蓝山县,746
新田县,746
江华瑶族自治县,746
怀化市,745
怀化市市辖区,745
鹤城区,745
中方县,745
沅陵县,745
辰溪县,745
溆浦县,745
会同县,745
麻阳苗族自治县,745
新晃侗族自治县,745
芷江侗族自治县,745
靖州苗族侗族自治县,745
通道侗族自治县,745
洪江市,745
娄底市,738
娄底市市辖区,738
娄星区,738
双峰县,738
新化县,738
冷水江市,738
涟源市,738
湘西土家族苗族自治州,743
吉首市,743
泸溪县,743
凤凰县,743
花垣县,743
保靖县,743
古丈县,743
永顺县,743
龙山县,743
广东省,
广州市,20
广州市市辖区,20
荔湾区,20
越秀区,20
海珠区,20
天河区,20
白云区,20
黄埔区,20
番禺区,20
花都区,20
南沙区,20
从化区,20
增城区,20
韶关市,751
韶关市市辖区,751
武江区,751
浈江区,751
曲江区,751
始兴县,751
仁化县,751
翁源县,751
乳源瑶族自治县,751
新丰县,751
乐昌市,751
南雄市,751
深圳市,755
深圳市市辖区,755
罗湖区,755
福田区,755
南山区,755
宝安区,755
龙岗区,755
盐田区,755
龙华区,755
坪山区,755
珠海市,756
珠海市市辖区,756
香洲区,756
斗门区,756
金湾区,756
汕头市,754
汕头市市辖区,754
龙湖区,754
金平区,754
濠江区,754
潮阳区,754
潮南区,754
澄海区,754
南澳县,754
佛山市,757
佛山市市辖区,757
禅城区,757
南海区,757
顺德区,757
三水区,757
高明区,757
江门市,750
江门市市辖区,750
蓬江区,750
江海区,750
新会区,750
台山市,750
开平市,750
鹤山市,750
恩平市,750
湛江市,759
湛江市市辖区,759
赤坎区,759
霞山区,759
坡头区,759
麻章区,759
遂溪县,759
徐闻县,759
廉江市,759
雷州市,759
吴川市,759
茂名市,668
茂名市市辖区,668
茂南区,668
电白区,668
高州市,668
化州市,668
信宜市,668
肇庆市,758
肇庆市市辖区,758
端州区,758
鼎湖区,758
高要区,758
广宁县,758
怀集县,758
封开县,758
德庆县,758
四会市,758
惠州市,752
惠州市市辖区,752
惠城区,752
惠阳区,752
博罗县,752
惠东县,752
龙门县,752
梅州市,753
梅州市市辖区,753
梅江区,753
梅县区,753
大埔县,753
丰顺县,753
五华县,753
平远县,753
蕉岭县,753
兴宁市,753
汕尾市,660
汕尾市市辖区,660
城区,660
海丰县,660
陆河县,660
陆丰市,660
河源市,762
河源市市辖区,762
源城区,762
紫金县,762
龙川县,762
连平县,762
和平县,762
东源县,762
阳江市,662
阳江市市辖区,662
江城区,662
阳东区,662
阳西县,662
阳春市,662
清远市,763
清远市市辖区,763
清城区,763
清新区,763
佛冈县,763
阳山县,763
连山壮族瑶族自治县,763
连南瑶族自治县,763
英德市,763
连州市,763
东莞市,769
中山市,760
东沙群岛,
潮州市,768
潮州市市辖区,768
湘桥区,768
潮安区,768
饶平县,768
揭阳市,663
揭阳市市辖区,663
榕城区,663
揭东区,663
揭西县,663
惠来县,663
普宁市,663
云浮市,766
云浮市市辖区,766
云城区,766
云安区,766
新兴县,766
郁南县,766
罗定市,766
广西壮族自治区,
南宁市,771
南宁市市辖区,771
兴宁区,771
青秀区,771
江南区,771
西乡塘区,771
良庆区,771
邕宁区,771
武鸣区,771
隆安县,771
马山县,771
上林县,771
宾阳县,771
横县,771
柳州市,772
柳州市市辖区,772
城中区,772
鱼峰区,772
柳南区,772
柳北区,772
柳江区,772
柳城县,772
鹿寨县,772
融安县,772
融水苗族自治县,772
三江侗族自治县,772
桂林市,773
桂林市市辖区,773
秀峰区,773
叠彩区,773
象山区,773
七星区,773
雁山区,773
临桂区,773
阳朔县,773
灵川县,773
全州县,773
兴安县,773
永福县,773
灌阳县,773
龙胜各族自治县,773
资源县,773
平乐县,773
荔浦县,773
恭城瑶族自治县,773
梧州市,774
梧州市市辖区,774
万秀区,774
长洲区,774
龙圩区,774
苍梧县,774
藤县,774
蒙山县,774
岑溪市,774
北海市,779
北海市市辖区,779
海城区,779
银海区,779
铁山港区,779
合浦县,779
防城港市,770
防城港市市辖区,770
港口区,770
防城区,770
上思县,770
东兴市,770
钦州市,777
钦州市市辖区,777
钦南区,777
钦北区,777
灵山县,777
浦北县,777
贵港市,1755
贵港市市辖区,1755
港北区,1755
港南区,1755
覃塘区,1755
平南县,1755
桂平市,1755
玉林市,775
玉林市市辖区,775
玉州区,775
福绵区,775
容县,775
陆川县,775
博白县,775
兴业县,775
北流市,775
百色市,776
百色市市辖区,776
右江区,776
田阳县,776
田东县,776
平果县,776
德保县,776
那坡县,776
凌云县,776
乐业县,776
田林县,776
西林县,776
隆林各族自治县,776
靖西市,776
贺州市,1774
贺州市市辖区,1774
八步区,1774
平桂区,1774
昭平县,1774
钟山县,1774
富川瑶族自治县,1774
河池市,778
河池市市辖区,778
金城江区,778
宜州区,778
南丹县,778
天峨县,778
凤山县,778
东兰县,778
罗城仫佬族自治县,778
环江毛南族自治县,778
巴马瑶族自治县,778
都安瑶族自治县,778
大化瑶族自治县,778
来宾市,1772
来宾市市辖区,1772
兴宾区,1772
忻城县,1772
象州县,1772
武宣县,1772
金秀瑶族自治县,1772
合山市,1772
崇左市,1771
崇左市市辖区,1771
江州区,1771
扶绥县,1771
宁明县,1771
龙州县,1771
大新县,1771
天等县,1771
凭祥市,1771
海南省,
海口市,898
海口市市辖区,898
秀英区,898
龙华区,898
琼山区,898
美兰区,898
三亚市,899
三亚市市辖区,899
海棠区,899
吉阳区,899
天涯区,899
崖州区,899
三沙市,2898
三沙市市辖区,2898
西沙群岛,1895
南沙群岛,1891
中沙群岛的岛礁及其海域,2801
儋州市,805
五指山市,1897
琼海市,1894
文昌市,1893
万宁市,1898
东方市,807
定安县,806
屯昌县,1892
澄迈县,804
临高县,1896
白沙黎族自治县,802
昌江黎族自治县,803
乐东黎族自治县,2802
陵水黎族自治县,809
保亭黎族苗族自治县,801
琼中黎族苗族自治县,1899
重庆市,23
重庆市市辖区,23
万州区,23
涪陵区,23
渝中区,23
大渡口区,23
江北区,23
沙坪坝区,23
九龙坡区,23
南岸区,23
北碚区,23
綦江区,23
大足区,23
渝北区,23
巴南区,23
黔江区,23
长寿区,23
江津区,23
合川区,23
永川区,23
南川区,23
璧山区,23
铜梁区,23
潼南区,23
荣昌区,23
开州区,23
梁平区,23
武隆区,23
重庆市郊县,23
城口县,23
丰都县,23
垫江县,23
忠县,23
云阳县,23
奉节县,23
巫山县,23
巫溪县,23
石柱土家族自治县,23
秀山土家族苗族自治县,23
酉阳土家族苗族自治县,23
彭水苗族土家族自治县,23
四川省,
成都市,28
成都市市辖区,28
锦江区,28
青羊区,28
金牛区,28
武侯区,28
成华区,28
龙泉驿区,28
青白江区,28
新都区,28
温江区,28
双流区,28
郫都区,28
金堂县,28
大邑县,28
蒲江县,28
新津县,28
都江堰市,28
彭州市,28
邛崃市,28
崇州市,28
简阳市,28
自贡市,813
自贡市市辖区,813
自流井区,813
贡井区,813
大安区,813
沿滩区,813
荣县,813
富顺县,813
攀枝花市,812
攀枝花市市辖区,812
东区,812
西区,812
仁和区,812
米易县,812
盐边县,812
泸州市,830
泸州市市辖区,830
江阳区,830
纳溪区,830
龙马潭区,830
泸县,830
合江县,830
叙永县,830
古蔺县,830
德阳市,838
德阳市市辖区,838
旌阳区,838
中江县,838
罗江区,838
广汉市,838
什邡市,838
绵竹市,838
绵阳市,816
绵阳市市辖区,816
涪城区,816
游仙区,816
安州区,816
三台县,816
盐亭县,816
梓潼县,816
北川羌族自治县,816
平武县,816
江油市,816
广元市,839
广元市市辖区,839
利州区,839
昭化区,839
朝天区,839
旺苍县,839
青川县,839
剑阁县,839
苍溪县,839
遂宁市,825
遂宁市市辖区,825
船山区,825
安居区,825
蓬溪县,825
射洪县,825
大英县,825
内江市,1832
内江市市辖区,1832
市中区,1832
东兴区,1832
威远县,1832
资中县,1832
隆昌市,1832
乐山市,833
乐山市市辖区,833
市中区,833
沙湾区,833
五通桥区,833
金口河区,833
犍为县,833
井研县,833
夹江县,833
沐川县,833
峨边彝族自治县,833
马边彝族自治县,833
峨眉山市,833
南充市,817
南充市市辖区,817
顺庆区,817
高坪区,817
嘉陵区,817
南部县,817
营山县,817
蓬安县,817
仪陇县,817
西充县,817
阆中市,817
眉山市,1833
眉山市市辖区,1833
东坡区,1833
彭山区,1833
仁寿县,1833
洪雅县,1833
丹棱县,1833
青神县,1833
宜宾市,831
宜宾市市辖区,831
翠屏区,831
南溪区,831
宜宾县,831
江安县,831
长宁县,831
高县,831
珙县,831
筠连县,831
兴文县,831
屏山县,831
广安市,826
广安市市辖区,826
广安区,826
前锋区,826
岳池县,826
武胜县,826
邻水县,826
华蓥市,826
达州市,818
达州市市辖区,818
通川区,818
达川区,818
宣汉县,818
开江县,818
大竹县,818
渠县,818
万源市,818
雅安市,835
雅安市市辖区,835
雨城区,835
名山区,835
荥经县,835
汉源县,835
石棉县,835
天全县,835
芦山县,835
宝兴县,835
巴中市,827
巴中市市辖区,827
巴州区,827
恩阳区,827
通江县,827
南江县,827
平昌县,827
资阳市,832
资阳市市辖区,832
雁江区,832
安岳县,832
乐至县,832
阿坝藏族羌族自治州,837
马尔康市,837
汶川县,837
理县,837
茂县,837
松潘县,837
九寨沟县,837
金川县,837
小金县,837
黑水县,837
壤塘县,837
阿坝县,837
若尔盖县,837
红原县,837
甘孜藏族自治州,836
康定市,836
泸定县,836
丹巴县,836
九龙县,836
雅江县,836
道孚县,836
炉霍县,836
甘孜县,836
新龙县,836
德格县,836
白玉县,836
石渠县,836
色达县,836
理塘县,836
巴塘县,836
乡城县,836
稻城县,836
得荣县,836
凉山彝族自治州,834
西昌市,834
木里藏族自治县,834
盐源县,834
德昌县,834
会理县,834
会东县,834
宁南县,834
普格县,834
布拖县,834
金阳县,834
昭觉县,834
喜德县,834
冕宁县,834
越西县,834
甘洛县,834
美姑县,834
雷波县,834
贵州省,
贵阳市,851
贵阳市市辖区,851
南明区,851
云岩区,851
花溪区,851
乌当区,851
白云区,851
观山湖区,851
开阳县,851
息烽县,851
修文县,851
清镇市,851
六盘水市,858
钟山区,858
六枝特区,858
水城县,858
盘州市,858
遵义市,852
遵义市市辖区,852
红花岗区,852
汇川区,852
播州区,852
桐梓县,852
绥阳县,852
正安县,852
道真仡佬族苗族自治县,852
务川仡佬族苗族自治县,852
凤冈县,852
湄潭县,852
余庆县,852
习水县,852
赤水市,852
仁怀市,852
安顺市,853
安顺市市辖区,853
西秀区,853
平坝区,853
普定县,853
镇宁布依族苗族自治县,853
关岭布依族苗族自治县,853
紫云苗族布依族自治县,853
毕节市,857
七星关区,857
大方县,857
黔西县,857
金沙县,857
织金县,857
纳雍县,857
威宁彝族回族苗族自治县,857
赫章县,857
铜仁市,856
碧江区,856
万山区,856
江口县,856
玉屏侗族自治县,856
石阡县,856
思南县,856
印江土家族苗族自治县,856
德江县,856
沿河土家族自治县,856
松桃苗族自治县,856
黔西南布依族苗族自治州,859
兴义市,859
兴仁县,859
普安县,859
晴隆县,859
贞丰县,859
望谟县,859
册亨县,859
安龙县,859
黔东南苗族侗族自治州,855
凯里市,855
黄平县,855
施秉县,855
三穗县,855
镇远县,855
岑巩县,855
天柱县,855
锦屏县,855
剑河县,855
台江县,855
黎平县,855
榕江县,855
从江县,855
雷山县,855
麻江县,855
丹寨县,855
黔南布依族苗族自治州,854
都匀市,854
福泉市,854
荔波县,854
贵定县,854
瓮安县,854
独山县,854
平塘县,854
罗甸县,854
长顺县,854
龙里县,854
惠水县,854
三都水族自治县,854
云南省,
昆明市,871
昆明市市辖区,871
五华区,871
盘龙区,871
官渡区,871
西山区,871
东川区,871
呈贡区,871
晋宁区,871
富民县,871
宜良县,871
石林彝族自治县,871
嵩明县,871
禄劝彝族苗族自治县,871
寻甸回族彝族自治县,871
安宁市,871
曲靖市,874
曲靖市市辖区,874
麒麟区,874
沾益区,874
马龙县,874
陆良县,874
师宗县,874
罗平县,874
富源县,874
会泽县,874
宣威市,874
玉溪市,877
玉溪市市辖区,877
红塔区,877
江川区,877
澄江县,877
通海县,877
华宁县,877
易门县,877
峨山彝族自治县,877
新平彝族傣族自治县,877
元江哈尼族彝族傣族自治县,877
保山市,875
保山市市辖区,875
隆阳区,875
施甸县,875
龙陵县,875
昌宁县,875
腾冲市,875
昭通市,870
昭通市市辖区,870
昭阳区,870
鲁甸县,870
巧家县,870
盐津县,870
大关县,870
永善县,870
绥江县,870
镇雄县,870
彝良县,870
威信县,870
水富县,870
丽江市,888
丽江市市辖区,888
古城区,888
玉龙纳西族自治县,888
永胜县,888
华坪县,888
宁蒗彝族自治县,888
普洱市,879
普洱市市辖区,879
思茅区,879
宁洱哈尼族彝族自治县,879
墨江哈尼族自治县,879
景东彝族自治县,879
景谷傣族彝族自治县,879
镇沅彝族哈尼族拉祜族自治县,879
江城哈尼族彝族自治县,879
孟连傣族拉祜族佤族自治县,879
澜沧拉祜族自治县,879
西盟佤族自治县,879
临沧市,883
临沧市市辖区,883
临翔区,883
凤庆县,883
云县,883
永德县,883
镇康县,883
双江拉祜族佤族布朗族傣族自治县,883
耿马傣族佤族自治县,883
沧源佤族自治县,883
楚雄彝族自治州,878
楚雄市,878
双柏县,878
牟定县,878
南华县,878
姚安县,878
大姚县,878
永仁县,878
元谋县,878
武定县,878
禄丰县,878
红河哈尼族彝族自治州,873
个旧市,873
开远市,873
蒙自市,873
弥勒市,873
屏边苗族自治县,873
建水县,873
石屏县,873
泸西县,873
元阳县,873
红河县,873
金平苗族瑶族傣族自治县,873
绿春县,873
河口瑶族自治县,873
文山壮族苗族自治州,876
文山市,876
砚山县,876
西畴县,876
麻栗坡县,876
马关县,876
丘北县,876
广南县,876
富宁县,876
西双版纳傣族自治州,691
景洪市,691
勐海县,691
勐腊县,691
大理白族自治州,872
大理市,872
漾濞彝族自治县,872
祥云县,872
宾川县,872
弥渡县,872
南涧彝族自治县,872
巍山彝族回族自治县,872
永平县,872
云龙县,872
洱源县,872
剑川县,872
鹤庆县,872
德宏傣族景颇族自治州,692
瑞丽市,692
芒市,692
梁河县,692
盈江县,692
陇川县,692
怒江傈僳族自治州,886
泸水市,886
福贡县,886
贡山独龙族怒族自治县,886
兰坪白族普米族自治县,886
迪庆藏族自治州,887
香格里拉市,887
德钦县,887
维西傈僳族自治县,887
西藏自治区,
拉萨市,891
拉萨市市辖区,891
城关区,891
堆龙德庆区,891
林周县,891
当雄县,891
尼木县,891
曲水县,891
达孜县,891
墨竹工卡县,891
日喀则市,892
桑珠孜区,892
南木林县,892
江孜县,892
定日县,892
萨迦县,892
拉孜县,892
昂仁县,892
谢通门县,892
白朗县,892
仁布县,892
康马县,892
定结县,892
仲巴县,892
亚东县,892
吉隆县,892
聂拉木县,892
萨嘎县,892
岗巴县,892
昌都市,895
卡若区,895
江达县,895
贡觉县,895
类乌齐县,895
丁青县,895
察雅县,895
八宿县,895
左贡县,895
芒康县,895
洛隆县,895
边坝县,895
林芝市,894
巴宜区,894
工布江达县,894
米林县,894
墨脱县,894
波密县,894
察隅县,894
朗县,894
山南市,893
乃东区,893
扎囊县,893
贡嘎县,893
桑日县,893
琼结县,893
曲松县,893
措美县,893
洛扎县,893
加查县,893
隆子县,893
错那县,893
浪卡子县,893
那曲地区,896
那曲县,896
嘉黎县,896
比如县,896
聂荣县,896
安多县,896
申扎县,896
索县,896
班戈县,896
巴青县,896
尼玛县,896
双湖县,896
阿里地区,897
普兰县,897
札达县,897
噶尔县,897
日土县,897
革吉县,897
改则县,897
措勤县,897
陕西省,
西安市,29
西安市市辖区,29
新城区,29
碑林区,29
莲湖区,29
灞桥区,29
未央区,29
雁塔区,29
阎良区,29
临潼区,29
长安区,29
高陵区,29
鄠邑区,29
蓝田县,29
周至县,29
铜川市,919
铜川市市辖区,919
王益区,919
印台区,919
耀州区,919
宜君县,919
宝鸡市,917
宝鸡市市辖区,917
渭滨区,917
金台区,917
陈仓区,917
凤翔县,917
岐山县,917
扶风县,917
眉县,917
陇县,917
千阳县,917
麟游县,917
凤县,917
太白县,917
咸阳市,910
咸阳市市辖区,910
秦都区,910
杨陵区,910
渭城区,910
三原县,910
泾阳县,910
乾县,910
礼泉县,910
永寿县,910
彬县,910
长武县,910
旬邑县,910
淳化县,910
武功县,910
兴平市,910
渭南市,913
渭南市市辖区,913
临渭区,913
华州区,913
潼关县,913
大荔县,913
合阳县,913
澄城县,913
蒲城县,913
白水县,913
富平县,913
韩城市,913
华阴市,913
延安市,911
延安市市辖区,911
宝塔区,911
安塞区,911
延长县,911
延川县,911
子长县,911
志丹县,911
吴起县,911
甘泉县,911
富县,911
洛川县,911
宜川县,911
黄龙县,911
黄陵县,911
汉中市,916
汉中市市辖区,916
汉台区,916
南郑区,916
城固县,916
洋县,916
西乡县,916
勉县,916
宁强县,916
略阳县,916
镇巴县,916
留坝县,916
佛坪县,916
榆林市,912
榆林市市辖区,912
榆阳区,912
横山区,912
府谷县,912
靖边县,912
定边县,912
绥德县,912
米脂县,912
佳县,912
吴堡县,912
清涧县,912
子洲县,912
神木市,912
安康市,915
安康市市辖区,915
汉滨区,915
汉阴县,915
石泉县,915
宁陕县,915
紫阳县,915
岚皋县,915
平利县,915
镇坪县,915
旬阳县,915
白河县,915
商洛市,914
商洛市市辖区,914
商州区,914
洛南县,914
丹凤县,914
商南县,914
山阳县,914
镇安县,914
柞水县,914
甘肃省,
兰州市,931
兰州市市辖区,931
城关区,931
七里河区,931
西固区,931
安宁区,931
红古区,931
永登县,931
皋兰县,931
榆中县,931
嘉峪关市,1937
嘉峪关市市辖区,1937
金昌市,935
金昌市市辖区,935
金川区,935
永昌县,935
白银市,943
白银市市辖区,943
白银区,943
平川区,943
靖远县,943
会宁县,943
景泰县,943
天水市,938
天水市市辖区,938
秦州区,938
麦积区,938
清水县,938
秦安县,938
甘谷县,938
武山县,938
张家川回族自治县,938
武威市,1935
武威市市辖区,1935
凉州区,1935
民勤县,1935
古浪县,1935
天祝藏族自治县,1935
张掖市,936
张掖市市辖区,936
甘州区,936
肃南裕固族自治县,936
民乐县,936
临泽县,936
高台县,936
山丹县,936
平凉市,933
平凉市市辖区,933
崆峒区,933
泾川县,933
灵台县,933
崇信县,933
华亭县,933
庄浪县,933
静宁县,933
酒泉市,937
酒泉市市辖区,937
肃州区,937
金塔县,937
瓜州县,937
肃北蒙古族自治县,937
阿克塞哈萨克族自治县,937
玉门市,937
敦煌市,937
庆阳市,934
庆阳市市辖区,934
西峰区,934
庆城县,934
环县,934
华池县,934
合水县,934
正宁县,934
宁县,934
镇原县,934
定西市,932
定西市市辖区,932
安定区,932
通渭县,932
陇西县,932
渭源县,932
临洮县,932
漳县,932
岷县,932
陇南市,2935
陇南市市辖区,2935
武都区,2935
成县,2935
文县,2935
宕昌县,2935
康县,2935
西和县,2935
礼县,2935
徽县,2935
两当县,2935
临夏回族自治州,930
临夏市,930
临夏县,930
康乐县,930
永靖县,930
广河县,930
和政县,930
东乡族自治县,930
积石山保安族东乡族撒拉族自治县,930
甘南藏族自治州,941
合作市,941
临潭县,941
卓尼县,941
舟曲县,941
迭部县,941
玛曲县,941
碌曲县,941
夏河县,941
青海省,
西宁市,971
西宁市市辖区,971
城东区,971
城中区,971
城西区,971
城北区,971
大通回族土族自治县,971
湟中县,971
湟源县,971
海东市,972
乐都区,972
平安区,972
民和回族土族自治县,972
互助土族自治县,972
化隆回族自治县,972
循化撒拉族自治县,972
海北藏族自治州,970
门源回族自治县,970
祁连县,970
海晏县,970
刚察县,970
黄南藏族自治州,973
同仁县,973
尖扎县,973
泽库县,973
河南蒙古族自治县,973
海南藏族自治州,974
共和县,974
同德县,974
贵德县,974
兴海县,974
贵南县,974
果洛藏族自治州,975
玛沁县,975
班玛县,975
甘德县,975
达日县,975
久治县,975
玛多县,975
玉树藏族自治州,976
玉树市,976
杂多县,976
称多县,976
治多县,976
囊谦县,976
曲麻莱县,976
海西蒙古族藏族自治州,977
格尔木市,977
德令哈市,977
乌兰县,977
都兰县,977
天峻县,977
海西蒙古族藏族自治州直辖,977
宁夏回族自治区,
银川市,951
银川市市辖区,951
兴庆区,951
西夏区,951
金凤区,951
永宁县,951
贺兰县,951
灵武市,951
石嘴山市,952
石嘴山市市辖区,952
大武口区,952
惠农区,952
平罗县,952
吴忠市,953
吴忠市市辖区,953
利通区,953
红寺堡区,953
盐池县,953
同心县,953
青铜峡市,953
固原市,954
固原市市辖区,954
原州区,954
西吉县,954
隆德县,954
泾源县,954
彭阳县,954
中卫市,1953
中卫市市辖区,1953
沙坡头区,1953
中宁县,1953
海原县,1953
新疆维吾尔自治区,
乌鲁木齐市,991
乌鲁木齐市市辖区,991
天山区,991
沙依巴克区,991
新市区,991
水磨沟区,991
头屯河区,991
达坂城区,991
米东区,991
乌鲁木齐县,991
克拉玛依市,990
克拉玛依市市辖区,990
独山子区,990
克拉玛依区,990
白碱滩区,990
乌尔禾区,990
吐鲁番市,995
高昌区,995
鄯善县,995
托克逊县,995
哈密市,902
伊州区,902
巴里坤哈萨克自治县,902
伊吾县,902
昌吉回族自治州,994
昌吉市,994
阜康市,994
呼图壁县,994
玛纳斯县,994
奇台县,994
吉木萨尔县,994
木垒哈萨克自治县,994
博尔塔拉蒙古自治州,909
博乐市,909
阿拉山口市,909
精河县,909
温泉县,909
巴音郭楞蒙古自治州,996
库尔勒市,996
轮台县,996
尉犁县,996
若羌县,996
且末县,996
焉耆回族自治县,996
和静县,996
和硕县,996
博湖县,996
阿克苏地区,997
阿克苏市,997
温宿县,997
库车县,997
沙雅县,997
新和县,997
拜城县,997
乌什县,997
阿瓦提县,997
柯坪县,997
克孜勒苏柯尔克孜自治州,908
阿图什市,908
阿克陶县,908
阿合奇县,908
乌恰县,908
喀什地区,998
喀什市,998
疏附县,998
疏勒县,998
英吉沙县,998
泽普县,998
莎车县,998
叶城县,998
麦盖提县,998
岳普湖县,998
伽师县,998
巴楚县,998
塔什库尔干塔吉克自治县,998
和田地区,903
和田市,903
和田县,903
墨玉县,903
皮山县,903
洛浦县,903
策勒县,903
于田县,903
民丰县,903
伊犁哈萨克自治州,999
伊宁市,999
奎屯市,999
霍尔果斯市,999
伊宁县,999
察布查尔锡伯自治县,999
霍城县,999
巩留县,999
新源县,999
昭苏县,999
特克斯县,999
尼勒克县,999
塔城地区,901
塔城市,901
乌苏市,901
额敏县,901
沙湾县,901
托里县,901
裕民县,901
和布克赛尔蒙古自治县,901
阿勒泰地区,906
阿勒泰市,906
布尔津县,906
富蕴县,906
福海县,906
哈巴河县,906
青河县,906
吉木乃县,906
石河子市,993
阿拉尔市,1997
图木舒克市,1998
五家渠市,1994
北屯市,1906
铁门关市,1996
双河市,1909
可克达拉市,1999
昆玉市,1903
台湾省,1886
香港特别行政区,1852
中西区,1852
湾仔区,1852
东区,1852
南区,1852
油尖旺区,1852
深水埗区,1852
九龙城区,1852
黄大仙区,1852
观塘区,1852
荃湾区,1852
屯门区,1852
元朗区,1852
北区,1852
大埔区,1852
西贡区,1852
沙田区,1852
葵青区,1852
离岛区,1852
澳门特别行政区,1853
花地玛堂区,1853
花王堂区,1853
望德堂区,1853
大堂区,1853
风顺堂区,1853
嘉模堂区,1853
路凼填海区,1853
圣方济各堂区,1853
外国,1900
